,A,B,C,D
2000-01-01,-1.4298322100322822,1.2366920637279089,0.9967349016819073,-1.062888142297043
2000-01-02,-0.7055747378134475,1.7763955808211072,0.9014315690452719,-1.1573111290207598
2000-01-03,-1.1076827554826565,3.013492810634105,0.7563896932695001,-1.4414571033739412
2000-01-04,-1.2290544217780193,2.7652186425932515,1.8737584037458626,-1.3367152143370686
2000-01-05,-2.916931506152581,4.127894886514539,1.7003586006255553,-0.3945298960267526
2000-01-06,-3.8272572187559093,5.333082682727493,1.073311342481685,-1.0000516478483772
2000-01-07,-4.048189306352836,5.5286938091788915,1.308905045907959,-2.2362825263333166
2000-01-08,-5.646486614229804,3.778772060376137,1.8537531580118285,-2.9827851877747147
2000-01-09,-6.484494482865314,3.1304678547763283,0.09419610950604551,-4.292757688262316
2000-01-10,-5.788989047547425,4.307604810681199,0.08390833574458498,-3.2543179165219764
2000-01-11,-4.7927229437417065,5.542956361223182,1.0192652091940748,-4.5783779622973135
2000-01-12,-4.946535303354402,5.9795517682142005,2.7738509619523892,-2.461504604759741
2000-01-13,-6.679083032742277,5.748335153672249,2.2159754494738806,-2.1201535689609856
2000-01-14,-6.35622498379786,7.938356219432657,2.440003954585528,-2.6000124223167607
2000-01-15,-4.486040869243999,7.599216884660068,3.4793330767125257,-1.4440944038080732
2000-01-16,-6.09072569559261,8.208164964691631,3.4274942658257683,-1.752095595088934
2000-01-17,-5.822291713537747,8.916381085475788,3.6361660031708825,-2.477254417377035
2000-01-18,-6.897833176947066,9.547910827638221,1.7746058509765694,-1.9394984217944877
2000-01-19,-7.275800009900395,10.574038073634044,1.3860184319323703,-2.8010215923979116
2000-01-20,-5.586558133127071,8.87939890730745,1.744130796481181,-4.300083186234431
2000-01-21,-6.540439308765994,7.851913398072132,2.1407802176402577,-3.357213626892564
2000-01-22,-7.0755294895975815,5.557557690132922,2.1839618406823984,-4.552958383605253
2000-01-23,-5.046987057152242,5.373761529244221,0.5002907029852479,-4.963584653154144
2000-01-24,-5.1121735570578455,5.073995864876677,-0.491917414877141,-5.590532117727868
2000-01-25,-7.359425255111637,6.004637277567091,-0.12147872282385058,-6.362851666572007
2000-01-26,-8.666157447738097,8.3884941447816,0.8082327933647218,-8.206355168139844
2000-01-27,-8.419508914844842,8.172661461874153,-0.019535805737715406,-7.277540616832499
2000-01-28,-9.525727769738314,7.569598740256096,1.403779204720827,-6.841298266290622
2000-01-29,-10.832079684477126,7.162253261911701,-0.6701767473771869,-7.137509041238728
2000-01-30,-11.134455120175172,6.035083814007504,1.5736144940541097,-8.151129286748336
2000-01-31,-11.159757969127917,5.439444019357591,0.3562802235263889,-7.775663727124247
2000-02-01,-11.004433350097685,4.261972739542966,-0.8588364017613912,-7.771887889063803
2000-02-02,-9.948080627724677,5.004493859885367,-0.30937445497267835,-6.115159631536037
2000-02-03,-12.310506376513498,4.546401838925077,-1.500430608746349,-5.948856083094286
2000-02-04,-12.886464834019012,3.7597627885010536,-2.9240662433976707,-6.309054890316962
2000-02-05,-12.874809767271786,3.341905521766873,-3.1224579584626655,-6.39029558320492
2000-02-06,-13.54771210567655,4.27186317968607,-3.6002851186908145,-6.409679112989604
2000-02-07,-14.138067386464616,5.088011956380212,-2.935620863127351,-7.73379016435085
2000-02-08,-15.657457249734462,3.9887006171147408,-1.8175088479184922,-6.589574855679806
2000-02-09,-15.720567140890898,5.220642364341661,-2.471909208409504,-6.5961379953757096
2000-02-10,-15.320605957446263,6.172697944103322,-2.8599197193773636,-7.787712882062126
2000-02-11,-17.978341402767576,6.565728523443214,-2.6424269814109076,-8.148336099910004
2000-02-12,-17.04994745557477,5.946151331655448,-2.107559781257746,-8.07062928275652
2000-02-13,-16.75810034909563,5.434678647202297,-2.958590862859628,-8.161836489734926
2000-02-14,-17.084771423748418,6.993494253420785,-4.048002507524785,-7.885774662035496
2000-02-15,-16.10220315685715,7.960094013679625,-3.1388204699204696,-7.347973663509778
2000-02-16,-15.901349242937815,9.439841641601898,-4.7375903186881825,-7.91215616421897
2000-02-17,-16.845938266905364,9.873643588445946,-5.222121505604593,-7.756765010114682
2000-02-18,-16.95519308876976,9.551947383651186,-6.359811500045544,-6.00109341428803
2000-02-19,-16.327623807319174,11.298363841988381,-6.0491463810469535,-8.560803357046614
2000-02-20,-17.72706611866001,10.220777041661192,-5.4480994776276646,-7.184812078100586
2000-02-21,-17.882167363706994,11.26519123175473,-7.127317998464614,-7.914582727286737
2000-02-22,-17.336357716223397,11.91730816521974,-8.21385783247067,-8.984535655805535
2000-02-23,-15.741280947464055,10.734459347429121,-6.839080380909933,-9.063339504498137
2000-02-24,-14.086692190736184,10.321759621481913,-5.546838510563997,-9.249392604430355
2000-02-25,-14.777960833467798,9.95183575452691,-7.641419411676052,-9.878423020922313
2000-02-26,-15.386644626071602,7.778167685071599,-8.00509143617197,-8.1513531396445
2000-02-27,-15.689707294378639,8.072248474133387,-6.54169371439461,-7.288037419926042
2000-02-28,-14.524165325071158,8.335066233346978,-6.459727148629268,-7.314651085798959
2000-02-29,-13.764475574923669,6.214020634222474,-5.019126257770669,-6.955473033437652
2000-03-01,-12.909364991081297,3.523142111707668,-5.453510952858501,-6.907453427030491
2000-03-02,-11.911387364583668,4.340881381600617,-5.419659573874968,-7.299375858228464
2000-03-03,-13.70327120126699,3.866990497980329,-3.6331901482847817,-7.201531114501689
2000-03-04,-13.26667842738486,3.593478842533518,-5.315096492727778,-7.186988066818336
2000-03-05,-13.563840667508389,2.384258564529082,-5.463274970495156,-8.310694920762945
2000-03-06,-15.009551364892893,1.1435770523787456,-7.1275913096265375,-8.642475840116608
2000-03-07,-15.757556479158925,0.9911848077544084,-8.264689765485011,-7.4929820820032935
2000-03-08,-15.533567616038066,2.3107095192685536,-7.719054163926391,-8.727922967924638
2000-03-09,-16.806390791221585,2.902046142630579,-7.746391014247239,-8.734571503251505
2000-03-10,-17.21173612519914,1.3289486023105879,-8.182299406226624,-9.140239926705409
2000-03-11,-17.765782865331783,0.32211760752618535,-7.126104475931395,-8.978714619054275
2000-03-12,-18.73493809043198,1.6137052764051498,-5.271731030924489,-10.052087974224586
2000-03-13,-18.575344513785584,2.7061676810973245,-5.008989348426687,-11.577904028346214
2000-03-14,-19.358189666537697,1.0789553964227754,-6.85790604605957,-11.029313751077337
2000-03-15,-19.453943499132027,1.6760521774522938,-5.340720257354798,-11.159656693026067
2000-03-16,-17.4938021785174,1.68128631920968,-5.286970717587916,-9.945562206950932
2000-03-17,-17.135228561740917,2.421486181121313,-4.57558927672159,-10.01824030963681
2000-03-18,-18.150217393195224,2.163755086721946,-5.437567415859267,-10.395297294776608
2000-03-19,-20.000881400160196,3.719955151607791,-4.675559402021248,-11.007325463441322
2000-03-20,-22.05125788699723,5.406078298145577,-3.9298348306973128,-11.69503597281315
2000-03-21,-23.321477488759978,4.276727073999804,-4.586212212200536,-11.751810729258883
2000-03-22,-24.299194305046388,3.692339687080504,-4.359920269310338,-10.912741065173321
2000-03-23,-23.414551343294544,2.004384285332981,-4.374425056101874,-9.998169174724651
2000-03-24,-22.906682094606094,1.0320781765578781,-4.367157275500822,-9.873605616339534
2000-03-25,-22.70647199973882,1.687378886727513,-4.576446214061601,-10.57823022703734
2000-03-26,-23.25826041846383,1.7746090287288754,-4.9263708810566795,-12.605434587488991
2000-03-27,-22.10138871182565,1.8166585389555634,-4.722494726921616,-13.645054270299433
2000-03-28,-21.475999718904436,1.4676771407070848,-6.195946174883314,-11.535466215641177
2000-03-29,-21.715104468945142,3.4007875274162913,-6.752312854501807,-12.408393785531413
2000-03-30,-20.81191465409957,3.193333505729459,-7.712317860557788,-11.09865816750369
2000-03-31,-20.359478259949686,3.7148572593346256,-8.10335441939289,-10.372649352889487
2000-04-01,-22.284657232974883,4.008230546747561,-9.197379075787861,-11.931957226160115
2000-04-02,-21.110052787988792,2.6381884371639908,-9.064225862728678,-11.317072733315438
2000-04-03,-20.00872189822795,3.1975620341706756,-8.581867647102076,-11.210372650249253
2000-04-04,-20.91584938868644,2.845515995780004,-9.504382470807707,-10.112215619597535
2000-04-05,-21.983040362889952,1.6457231783382253,-10.069529063219623,-9.511219876569585
2000-04-06,-21.830285159470726,1.2448832113068478,-9.89234112098495,-10.775145041708763
2000-04-07,-22.713004687523604,2.8445875878671174,-8.903554720972075,-11.566751841304045
2000-04-08,-24.571339380869134,2.6371804416215925,-9.293563001052158,-12.627735591921068
2000-04-09,-23.607271451747636,5.15372528752571,-9.532028980216182,-13.863248702732395
2000-04-10,-22.5425409243581,4.88478711494198,-10.174417759775897,-12.708142720765114
2000-04-11,-22.396700377533303,3.351118316026351,-11.678318438340197,-11.692510974476816
2000-04-12,-21.238834933763062,1.4633005067254472,-12.007268895708478,-12.462169926062618
2000-04-13,-20.864074915103767,0.47376359024355874,-10.80783323811411,-11.538253834904728
2000-04-14,-19.925910346403214,1.2000614019237215,-12.654265494768229,-11.624848103941575
2000-04-15,-19.264492082924388,0.1095402340598266,-13.029133620459731,-11.017918055942486
2000-04-16,-17.972764889308927,0.6687933624546478,-12.515398173436067,-10.212850394216616
2000-04-17,-18.05537742135142,1.5228189348638508,-11.488680855868413,-9.37208238603048
2000-04-18,-18.478420877926588,3.212192459087109,-11.94553765593073,-9.367545666130797
2000-04-19,-18.720188534042556,4.087036016101379,-11.098427321569371,-10.20118672913957
2000-04-20,-18.12465921900345,4.619947916244308,-9.864952131681363,-9.721830899438114
2000-04-21,-15.581501716063235,3.7492399068165176,-10.590410646601546,-10.043833649978016
2000-04-22,-14.898945836924025,3.319606582496203,-9.645873863987852,-12.003121476910152
2000-04-23,-13.985634728989771,4.652243460433947,-9.830630131109672,-12.753328965320643
2000-04-24,-14.450364340379863,3.1650465626465927,-11.913021066135764,-13.211962795093038
2000-04-25,-13.427643878608938,4.659079935900504,-11.41672756506561,-12.90660252471232
2000-04-26,-12.381651067249436,5.389762728487378,-10.920358958937143,-12.790277224717556
2000-04-27,-11.016642781430225,5.648507189562944,-10.793152161945123,-12.01169345058238
2000-04-28,-10.150148245959965,5.925529179064428,-8.597331394958806,-13.28643968984218
2000-04-29,-8.01624948170841,7.11889087938761,-9.188701516499288,-14.202522756743482
2000-04-30,-9.354412195316026,6.688320827137384,-7.546652024311174,-13.117002303505195
2000-05-01,-9.317747785428276,7.105611709726077,-8.159920547410945,-14.283350283187106
2000-05-02,-11.57028765571232,7.152118786263134,-6.858092064912752,-15.079640013796372
2000-05-03,-12.873205488041407,6.5773899605889214,-6.772263120378791,-14.753238693651827
2000-05-04,-11.35553811660752,6.8035668010382055,-5.969779644912333,-14.474882798396774
2000-05-05,-10.442416105327208,7.393716627972767,-8.196736201189555,-14.011544932778932
2000-05-06,-10.059425119872555,7.008380410798308,-8.381542095206617,-15.470058628368614
2000-05-07,-9.94634781740346,8.457943062025267,-8.014266914138094,-15.489211778367176
2000-05-08,-9.110842236874554,8.920208630922563,-7.142277097688996,-15.015992950425202
2000-05-09,-8.998945995926546,9.81807093551852,-7.706357350600911,-14.822476714887467
2000-05-10,-8.457365256407067,9.44462580662257,-8.335077235422983,-17.475584997759178
2000-05-11,-6.788056679661521,9.362338544249322,-10.388916643163341,-17.929956120812417
2000-05-12,-4.433042845899742,7.960607819671992,-11.759369970873797,-17.40589742460538
2000-05-13,-3.0209841400302775,5.45078609977508,-12.633335580974917,-18.367412723103968
2000-05-14,-2.499219960174749,6.747569945555575,-13.19264113903881,-17.306690135509562
2000-05-15,-2.1735307597701246,7.154818113113901,-13.318790033769671,-16.408880693797887
2000-05-16,-1.2227331980438931,7.792923893899878,-12.4951118398783,-16.953409171889856
2000-05-17,-0.3387491079124655,9.712911202861484,-12.164352210267541,-18.64119795224715
2000-05-18,-0.6806741512720849,8.65328176478201,-12.11454074236027,-18.172189451731285
2000-05-19,-0.8059654154863829,9.927826841872728,-12.617248914776145,-19.298233801978675
2000-05-20,-0.8818350885562265,9.974090859749412,-11.83818777921746,-17.884794801335598
2000-05-21,-0.3006582332539963,9.912003609170263,-12.449822060383406,-18.583279190996123
2000-05-22,-0.21434203057541867,8.285780039596558,-11.31203304910671,-17.547813944145645
2000-05-23,0.09814458562705286,8.07545831161316,-11.211666726344369,-16.34795503950459
2000-05-24,0.4892379931919345,9.551442713358572,-12.208926696214256,-16.428027825372943
2000-05-25,0.7574677130005449,9.204857304197995,-12.732802462473364,-17.8244522354116
2000-05-26,2.578393318650581,9.822090223352243,-12.401110675703627,-18.75309161840016
2000-05-27,1.4555844535389428,11.517466775876516,-12.978471250202707,-16.840081652290998
2000-05-28,3.381026086805805,11.637371781440734,-14.91927804421906,-17.641173528132498
2000-05-29,4.1979237080486005,12.273726295559156,-15.901315136487042,-16.35544962873338
2000-05-30,4.762486885921133,11.154434634813443,-14.671486461703237,-15.042729388995593
2000-05-31,4.657146830574969,11.202614229975657,-15.824501996539125,-13.01471244120365
2000-06-01,4.730369927291024,9.952925324032728,-15.859613041073793,-13.62694977190405
2000-06-02,4.72032291018356,9.626813859670031,-17.027234837446123,-15.648539981354377
2000-06-03,3.267603448453568,9.913466547479613,-16.163003609413813,-15.596316460957643
2000-06-04,3.4999007757872653,11.19263715456369,-17.187857321601214,-16.167921620997962
2000-06-05,2.082765738085397,11.306371813057142,-17.699063475410703,-16.429036934329424
2000-06-06,2.543941429248196,11.196528550487956,-16.383432380946594,-13.558449958294167
2000-06-07,2.9852055944932534,10.49002932406423,-16.243681412344834,-14.53312113125849
2000-06-08,2.8846027567028996,11.041185871375076,-15.35143208296119,-14.48277562963714
2000-06-09,2.8430444625558997,10.664911427473744,-15.37006636413047,-13.618575413285674
2000-06-10,1.9697951337473918,11.064247020846711,-17.447383145279225,-13.458045388142889
2000-06-11,3.6668783413640877,10.592339647112963,-17.402217491565885,-12.66312946446686
2000-06-12,2.0776895209686197,10.97544846560951,-19.513159145119655,-12.865376844578336
2000-06-13,1.8314080368434735,10.699667168650292,-19.100964273987085,-12.211411923793117
2000-06-14,0.7652491980935137,10.843373836779516,-17.80594146363723,-12.123327238556762
2000-06-15,0.9342112803431877,10.645965584351577,-17.171146451445345,-12.805636419682372
2000-06-16,0.33795540918746325,9.970931570489912,-16.936975826493494,-13.947554853179938
2000-06-17,1.553623829006591,9.429819000786113,-17.450594764637593,-14.400006375293696
2000-06-18,0.9935543343499286,7.425623051192105,-17.431835405523135,-15.752150972023536
2000-06-19,-1.2728282103522104,6.985857916416806,-16.957499291064163,-14.898543803433785
2000-06-20,-0.3858642970342373,5.901532098558693,-17.39287538976043,-14.995025795365196
2000-06-21,-2.689611699571542,4.505837175360499,-17.549389176338583,-15.966939914216834
2000-06-22,-1.8035040547345509,4.814086386364296,-18.97607533381758,-16.29933668573294
2000-06-23,-3.0553241819916943,5.505879162571579,-18.655502877458886,-16.032650181681905
2000-06-24,-3.5239727828758753,5.749618961401843,-19.49424319221478,-16.89655187106566
2000-06-25,-3.486442796809846,4.681774623066362,-21.743102327313185,-15.626520184683223
2000-06-26,-4.001215581070034,6.740298856508537,-21.72983287970599,-15.661534126233082
2000-06-27,-3.753708320023099,7.588486854728886,-23.415007803886507,-16.234790698246236
2000-06-28,-3.6739805487824193,7.956566199274368,-24.1868127991301,-15.750580857763538
2000-06-29,-5.115124397119205,4.34609739966151,-25.67542039649216,-14.654698336061752
2000-06-30,-4.908213722301462,2.738863814951087,-25.66955061771052,-15.398902205142173
2000-07-01,-4.668313427585538,2.7444873053168055,-24.667589628832342,-15.512193041593594
2000-07-02,-2.3443726380069942,2.613331453753289,-25.458985686442862,-13.68381209484604
2000-07-03,-1.9841951275498826,2.5079421161427478,-25.33381864748526,-14.116079668712658
2000-07-04,-0.3696659481246114,2.1012797759558115,-25.25690852237907,-15.522104928336303
2000-07-05,-0.7517742788922179,1.8446932765764013,-24.075554724478106,-14.072278018637489
2000-07-06,-1.4741465695537652,4.130717882719937,-23.93121394563392,-14.446694635206736
2000-07-07,0.20798143321591955,3.381941729847865,-23.595068099894466,-15.194612682900281
2000-07-08,-0.2532715727518395,2.2754842140036105,-24.64989978895844,-15.125679461913728
2000-07-09,-0.14522175910571197,0.28797123782793266,-24.613996738608165,-14.70693952498789
2000-07-10,1.1945466557173288,1.061059054093238,-24.45493387613338,-16.415821858832796
2000-07-11,0.33914824508288666,1.5801032751969788,-24.270509904682356,-15.420601077656467
2000-07-12,1.355505957997584,2.972440431080148,-22.68079761527941,-14.79746921112879
2000-07-13,2.5700290042256215,2.327163839627307,-23.215618493187822,-15.773208918227153
2000-07-14,2.7038957371266905,2.496216740917338,-23.285623081680136,-17.106904497695965
2000-07-15,1.6862214802857618,1.9011005000595,-23.4840750164451,-17.37193374794114
2000-07-16,1.820869972645062,1.5732813344656142,-23.447593918143475,-17.723934995946173
2000-07-17,3.0235031399726218,2.4438016609193145,-23.45390359633054,-18.24584664127394
2000-07-18,2.524504830493585,0.13480864269303794,-24.146476739520917,-18.61748008386822
2000-07-19,2.351437617016823,0.9707598987965151,-24.79130401210895,-20.442127487690733
2000-07-20,1.135064184871047,0.5553293352978389,-24.154937426438792,-19.67249296106477
2000-07-21,1.2969532324320434,1.6365985669133725,-23.010139624976002,-19.44829800851435
2000-07-22,1.2848035579657784,2.3484413872519676,-24.622267148839477,-20.7302621771109
2000-07-23,2.710318500951409,1.8303987718703962,-24.536845341827075,-20.635037505627196
2000-07-24,1.1515403122362544,0.3212859952104823,-26.157290670735936,-21.942319243813817
2000-07-25,3.172617568968815,2.02427199569641,-24.919774205155445,-21.883834141738504
2000-07-26,2.9241137868701066,2.5453683949133667,-25.728388241731626,-22.14323307005867
2000-07-27,3.4680002816872872,3.844437927986929,-26.67581829968627,-23.75469001833319
2000-07-28,3.967482593922598,3.8976724013300874,-26.279286798070554,-22.72875467739383
2000-07-29,2.622700816674601,4.097587528118674,-24.768372133010605,-23.506046352639054
2000-07-30,2.6395624438615655,4.980737176410397,-24.883975882994417,-23.919087019048572
2000-07-31,2.1424247432289016,4.279830910909474,-25.69835887503418,-22.030859835932297
2000-08-01,1.015202697878728,4.043198944576687,-25.36156635293763,-23.048465765105036
2000-08-02,0.9780908754625535,2.9004876793668832,-23.976209756935106,-23.09632688503075
2000-08-03,-0.11627021910050273,3.5267000706391904,-24.95410398136171,-22.02322863746193
2000-08-04,-0.6868052695631801,2.471666834019519,-25.863541363806142,-21.74234087380201
2000-08-05,0.9152266093678307,2.7684904434280995,-25.556182972875852,-23.424137062068827
2000-08-06,0.715528933984436,1.7731108848091903,-25.43737074127676,-23.42998091520641
2000-08-07,2.558506698299507,0.45133022831215386,-27.0104708144334,-24.073120665468384
2000-08-08,1.553799809315413,0.44703477085678567,-26.145074189516418,-24.3295798891088
2000-08-09,1.0374899943772793,2.2957059863875977,-24.971493357387725,-24.792283510817892
2000-08-10,1.6084488507587866,0.7898114605928668,-23.697258658132146,-23.448879557076978
2000-08-11,1.476994747529149,1.8743323996642811,-23.892587100302652,-23.96226607165569
2000-08-12,0.6089542891929289,0.8704857918275704,-24.127899015693796,-22.836441300822766
2000-08-13,-0.24859780168851076,0.9813742018445382,-24.507017278480063,-21.94825270026211
2000-08-14,-0.7712631779042783,1.069348689335196,-24.46429559999817,-21.346941552901082
2000-08-15,-0.7283311434336461,1.646207914356653,-24.165197105923966,-21.07629794629861
2000-08-16,-1.998231830157784,1.577494427973243,-24.845040615386402,-20.34547685373974
2000-08-17,-1.8681724589184605,1.6849800338159167,-24.07206359186696,-20.34256597192403
2000-08-18,-3.2459979526162006,1.4055175338947927,-21.940083134579815,-20.643843163723893
2000-08-19,-2.5379569588725195,1.0391629896388133,-22.29007294219204,-21.849609660783692
2000-08-20,-3.657350705285545,1.9469698337640247,-23.385705266484976,-21.47485145191648
2000-08-21,-3.8686549360251195,2.0868037820204193,-21.01302278426106,-19.623370599942824
2000-08-22,-3.9739084195275463,2.8269709405094483,-21.536512151066574,-20.650732786941127
2000-08-23,-4.172550834057123,2.5202352172952853,-21.72258452249123,-19.615184043514365
2000-08-24,-3.165315486836958,3.8902363715205377,-21.688320517764584,-20.914421271661876
2000-08-25,-2.8091175000127904,3.0982067497666486,-22.7076448433144,-20.652765147819157
2000-08-26,-2.3763079023011704,2.1248960045323706,-21.34336848122308,-21.715121503850877
2000-08-27,-1.1762728851864246,2.2599498130573044,-20.521339382827644,-22.54453718638179
2000-08-28,-0.9267686554048149,3.1650346026532796,-20.902357066735583,-22.11313234417199
2000-08-29,-0.7830432655236055,1.5810345054138426,-21.056304110653784,-23.115337831199998
2000-08-30,-0.4153263592950252,1.285851751941891,-22.394129351049525,-23.773617643802456
2000-08-31,0.9800553879676628,2.2045384497404115,-22.01297241563794,-23.70677260172248
2000-09-01,1.4787164528192895,1.9935310179798909,-22.55647632263965,-23.50507391667146
2000-09-02,3.541241399155562,0.9649414744703588,-21.300471851958324,-24.95284595985433
2000-09-03,3.119529741170119,-0.45706722793041,-22.51377604372211,-23.262218690889398
2000-09-04,2.540544961061685,-3.270697987940037,-22.56362890831159,-22.99065404998911
2000-09-05,1.9862200423391827,-2.532705697025691,-22.645944009829314,-24.04906299571635
2000-09-06,2.8912909166003224,-2.1371632808920205,-22.766677702360195,-23.750981694375188
2000-09-07,3.1198111202809358,-0.6880681949125096,-21.49069893672987,-23.771308890588497
2000-09-08,3.7420245868529856,-0.7523420261654724,-20.57277907638582,-25.24145903768634
2000-09-09,4.057924395021533,-0.48550271461948646,-20.517886736595,-24.532049836208834
2000-09-10,3.3319728693361506,-0.12173175569512168,-19.82502718780977,-23.823422431466085
2000-09-11,2.58831588698341,-0.6288670442621354,-19.611346952841856,-23.852905671491065
2000-09-12,2.101306020678174,-2.143230484897553,-20.003899069854498,-24.33631680351188
2000-09-13,0.828422136734762,-3.160700185465246,-19.109704480395937,-24.36709057003253
2000-09-14,1.6408670274798585,-3.5224072954729215,-18.623340994955207,-23.126939264354874
2000-09-15,0.2086758655314691,-4.437895937294291,-18.448432275267074,-24.290843062413998
2000-09-16,-0.12278160381218267,-4.285672578459171,-18.696464194576127,-25.65969352201236
2000-09-17,-0.946470165024019,-6.1271595934792185,-18.43775069430484,-26.26525926814224
2000-09-18,-1.581292529181958,-6.452461484299694,-17.2774383740682,-27.49044104272774
2000-09-19,-3.2202170788480613,-4.418315521495037,-19.13657648844845,-26.229905021356362
2000-09-20,-4.336891513206673,-3.8595538763868023,-19.32542390047225,-27.02091875953069
2000-09-21,-5.5926675903423915,-4.414463119870759,-19.926460523856726,-25.96113714546233
2000-09-22,-4.779896154474038,-4.077730510553175,-19.00746832326068,-24.402817243795457
2000-09-23,-4.058396835836021,-3.0057282780743138,-20.236225505571984,-23.714883542339532
2000-09-24,-1.7741406864807243,-3.5900360233426514,-19.500499790324774,-22.940299440748667
2000-09-25,-0.41719271362030264,-2.3227331507791886,-20.036642335216797,-21.954623496553378
2000-09-26,-0.8495856745575692,-2.8491570509985595,-19.571405750353115,-20.189088186832034
2000-09-27,-1.5522092804898473,-2.2382834975829455,-20.15513280046703,-20.208485693275275
2000-09-28,-1.7007333150485662,-2.4807513541355335,-18.770834007801955,-21.448781225761202
2000-09-29,-2.8527039987485856,-4.109305076472274,-17.473967717307637,-21.24217081962034
2000-09-30,-1.9959753418964925,-2.904560469725129,-15.92013631863966,-22.13448932017494
2000-10-01,-1.2415654155667104,-2.991425074429076,-16.990496555894865,-21.73588674057688
2000-10-02,-1.9246636982657095,-3.028711229691333,-16.595357698069755,-21.943594699063457
2000-10-03,-1.353820052932061,-4.313570853668143,-16.161451889132035,-23.843365436760717
2000-10-04,0.5294658240489907,-4.009645389614351,-15.97011102474078,-24.037125942608135
2000-10-05,2.871625182625407,-4.503915412101532,-17.38200552500573,-24.271234164671043
2000-10-06,3.052322681935313,-4.038002143754698,-16.31709302365212,-22.830005563865445
2000-10-07,3.767132002786776,-3.2476528506772704,-16.650638631766274,-21.599322281949743
2000-10-08,4.281250607283893,-2.064966669369388,-15.083736999842046,-21.037295282314123
2000-10-09,4.343983944879914,-1.395095938505397,-15.945719901864367,-22.431991989817014
2000-10-10,5.809902961547713,-1.824746543760908,-16.034936490577184,-21.433735247194583
2000-10-11,4.615345811972438,-3.936892115538095,-16.897114933879404,-22.274429887762142
2000-10-12,6.010599529266248,-3.846564307811915,-17.09285466782408,-22.583197019824166
2000-10-13,4.949740570947956,-2.3320854226063323,-17.654120212086355,-23.225825387598952
2000-10-14,3.9367988308355297,-2.748132968115444,-17.927063816091287,-23.179534320225457
2000-10-15,5.199555005262525,-1.4982870352127609,-17.526132555220947,-24.05130580641833
2000-10-16,6.489392833273329,-3.105424260634288,-16.033691620196166,-23.07928012825152
2000-10-17,6.480932074656757,-3.582788363047739,-16.87038504752981,-23.28879795801042
2000-10-18,6.432480364164125,-2.7585892975816657,-16.08093695607496,-24.77233900825182
2000-10-19,7.168792260740823,-1.9496654556444333,-15.018827240426065,-24.29927940162843
2000-10-20,7.24314687175945,-2.280054955711892,-14.177318103036168,-23.15759397098507
2000-10-21,8.128774521676775,-2.3061710234669803,-15.98992399701639,-23.76897481042768
2000-10-22,8.7073863264409,-2.3479890246482915,-14.888932847003495,-24.084900542956866
2000-10-23,10.384734119851299,-3.8604193299080984,-16.255675665014387,-23.587645379784036
2000-10-24,12.541774854529072,-5.060082612251377,-16.1114859911322,-23.199523304722053
2000-10-25,10.689968307166396,-5.595435798312511,-16.85426384862711,-23.30289404083511
2000-10-26,11.367739114217908,-5.135963906361472,-15.337035437869519,-23.620410375195213
2000-10-27,12.0292932308337,-6.618430702092686,-15.972158357841845,-24.256345948103192
2000-10-28,11.350112087674614,-8.645702659256552,-19.08578976288061,-21.116478852203805
2000-10-29,11.109010733258561,-9.360447123035089,-17.112210503172737,-23.375149765382986
2000-10-30,10.247572887859905,-9.13489173358144,-16.511878611736112,-24.014623637957556
2000-10-31,9.497954466531555,-8.853405857012179,-15.445194368695027,-22.26627242391784
2000-11-01,10.007783372989042,-8.738008601186756,-15.239703943888475,-20.333836377728638
2000-11-02,7.841157741466212,-8.74421180477091,-15.526660565757574,-19.04990085399842
2000-11-03,9.00298073424106,-8.770813411748973,-13.112659652912573,-19.777036216652
2000-11-04,8.273679259048162,-8.234912437820219,-11.426293644531581,-21.706435386619884
2000-11-05,9.336221559847726,-7.223403585651039,-11.659439082192762,-21.69910445047066
2000-11-06,8.050100355948171,-6.783441143005857,-11.900223120922094,-22.436559181791406
2000-11-07,6.84232347674602,-7.929163866445704,-11.91680371447066,-23.873755816108797
2000-11-08,8.266385464603278,-8.070997233319455,-10.619661110867849,-24.421582757138207
2000-11-09,9.45511711414572,-9.044776210928111,-10.226354271942771,-22.346949629112057
2000-11-10,9.235129625912082,-9.291851039114356,-10.300996875863659,-24.49526348678107
2000-11-11,9.288867906541897,-8.652263348896783,-9.25544775171156,-24.933708504838663
2000-11-12,7.519660706115472,-8.019043879235381,-10.146529981283637,-25.756737432825535
2000-11-13,8.354544956213681,-9.429085075276907,-11.093939188198004,-25.640443764339167
2000-11-14,8.786231109635978,-8.858164955892981,-10.557089576595336,-25.068749263984223
2000-11-15,10.180059127517417,-8.825405703554551,-11.298062230085355,-24.785511359142724
2000-11-16,11.327736914095652,-9.026915303841637,-10.158171854920196,-23.111241563207113
2000-11-17,10.816041973412878,-8.421310574694589,-10.706281332144258,-22.902500211444615
2000-11-18,10.61961906073702,-7.67291012663572,-11.203322631607586,-22.7723937911128
2000-11-19,10.98941139374869,-7.985773592291104,-11.032696479534305,-24.105516100202006
2000-11-20,12.933868580205887,-9.998036577896372,-11.699777826060794,-25.42789825572979
2000-11-21,12.635174397722677,-10.632543412024704,-11.455213096218333,-25.988003964587776
2000-11-22,14.43355637515882,-8.884652800896994,-10.251322580248841,-25.836339639081856
2000-11-23,16.03336884979482,-9.648236974423703,-9.94069932803305,-25.749789667358208
2000-11-24,15.215250389866153,-8.720303019051252,-8.995523279412193,-26.151048509056174
2000-11-25,15.674995041504511,-8.186629490735932,-9.655268165244458,-25.84342688194906
2000-11-26,15.375691566829477,-8.909950964138874,-10.213944345412653,-24.798364553478553
2000-11-27,14.491575656853993,-9.330274088758106,-9.926232699661698,-23.492861300247487
2000-11-28,14.093991420666415,-10.389608096073822,-9.840704657891752,-23.775707736599948
2000-11-29,15.285268069884356,-11.87740538501252,-9.279053959371236,-23.460767161571837
2000-11-30,15.793597522376512,-13.054547447799074,-7.973413962910033,-23.641072439421308
2000-12-01,18.339113267308218,-14.007530250605882,-8.4321196798425,-23.070285090374316
2000-12-02,17.949169806850325,-12.895925529841634,-8.977709751614725,-23.44744638591629
2000-12-03,19.149084297748857,-13.400455818257928,-9.81481780173118,-22.64103521877494
2000-12-04,19.295563320972935,-13.224792995941646,-11.203282965039847,-21.923485054787214
2000-12-05,19.080989640701908,-13.089909970517613,-9.496939799697213,-21.918513339001475
2000-12-06,19.436141167220068,-12.106811073104033,-9.4054534456611,-22.13241371767342
2000-12-07,19.51113355952499,-11.919597622898392,-9.520689516855144,-22.88469424775487
2000-12-08,17.766814379163055,-12.431918991166448,-9.974537328099396,-21.163105640331178
2000-12-09,17.70355568046507,-12.33138037826196,-10.44477030938416,-19.83050752392297
2000-12-10,18.40995456706764,-11.636043818356761,-9.700914264796204,-21.045858284716324
2000-12-11,18.741208723075772,-12.172095290745897,-8.102352302702815,-20.056585347213453
2000-12-12,19.19468071793716,-12.507524580750495,-8.54720240143763,-21.26907927314434
2000-12-13,19.052046061467042,-13.756432343565814,-10.471053596287508,-20.075668262038818
2000-12-14,19.780419390644497,-12.180328099179338,-12.597200993761026,-17.587138413890116
2000-12-15,21.579574843673157,-11.137923201350812,-11.462212284634834,-17.391043347159258
2000-12-16,21.792895921542392,-10.085781664264882,-13.871375518658661,-17.265669007280877
2000-12-17,23.338136074093,-8.38342673451384,-12.589355285119561,-17.68311805001443
2000-12-18,24.874136882420537,-9.596472735816318,-12.692390758378869,-18.39759502441923
2000-12-19,24.719081171888035,-9.944160213963723,-12.958108553900939,-18.28023676627867
2000-12-20,25.02045416915595,-7.819980122825905,-11.852310290343402,-17.470205548850142
2000-12-21,25.12074072666938,-6.219281282961864,-10.96121064610159,-18.19123715398592
2000-12-22,25.724647417009585,-6.668472263604772,-10.867920009168857,-18.46449152186218
2000-12-23,26.995116703576777,-7.078955756144491,-9.558394014785419,-17.418757601779046
2000-12-24,26.895789227776177,-7.202958664345512,-8.803078668470073,-17.815566317139545
2000-12-25,28.954804327550626,-6.232531388505409,-10.42418355521127,-19.22799338151691
2000-12-26,27.665642183141212,-6.343721571664627,-11.833627136765536,-19.065765629657605
2000-12-27,27.647069715526662,-6.233167730619085,-13.428065461561795,-19.768418943169507
2000-12-28,28.194770411146074,-6.46698936163532,-13.418433139372851,-19.808981222506272
2000-12-29,27.930749939596843,-6.054810783876415,-14.008628935287613,-19.56395482403302
2000-12-30,27.496645207922736,-5.853096413164176,-14.82681629400952,-19.848852153372082
2000-12-31,26.509977605362586,-5.926812341983203,-15.50013489604894,-19.373353471865798
2001-01-01,26.44965623819128,-3.9998476414720368,-15.894765557862316,-18.207552137848197
2001-01-02,26.207959284380205,-4.806498426120264,-15.034031871042805,-18.40990469349796
2001-01-03,27.235270815464055,-5.7359183142415,-15.740821106901118,-20.600705629340418
2001-01-04,26.172863192317273,-5.373316363782671,-16.793892017032512,-20.648129399656717
2001-01-05,26.51884921027888,-5.119884509907655,-15.75666328151534,-20.029889969506517
2001-01-06,28.080680432015004,-4.70990174310944,-15.568568721569095,-19.641295202343137
2001-01-07,27.544916898559624,-4.022356851923822,-15.863412397688432,-20.202237598603798
2001-01-08,28.081474746555024,-3.8988401130996677,-16.08036568270001,-19.62533190793848
2001-01-09,28.669269601019707,-2.6384761066215434,-15.815111829631723,-18.04726622585962
2001-01-10,29.667071533149453,-2.5702887590691104,-15.581609539864482,-18.21757372670305
2001-01-11,28.606593340099188,-1.8474225715399717,-14.37038034008026,-15.899940679316897
2001-01-12,29.562601537132885,-1.8832678660596998,-14.591523401779002,-16.185170892398343
2001-01-13,28.75323449815352,-2.069488143851031,-14.105062698177216,-16.81443030775073
2001-01-14,29.459626323292593,-2.7466038870616916,-15.846369892905875,-18.008877150008075
2001-01-15,27.92426530298653,-2.9423327424385333,-17.082951001378916,-16.014364871652603
2001-01-16,27.761362329226184,-4.182827514342653,-17.49102361933549,-16.003981352328278
2001-01-17,27.604453557851024,-5.122004603282027,-17.57626487661112,-16.783335117700027
2001-01-18,28.115122928445185,-5.442867167635801,-17.50151278659359,-17.215825740701362
2001-01-19,27.209076478870564,-6.003689972884324,-17.227280598757087,-15.978033621617351
2001-01-20,26.553746795047665,-6.201285541445748,-18.184245578197658,-15.852789196891775
2001-01-21,25.758001601161965,-6.563138680462967,-19.303189288938338,-14.73603589089616
2001-01-22,24.696971792503458,-6.935465688128531,-18.546012739921675,-14.765844861645588
2001-01-23,25.18293268815882,-6.720613579925084,-16.250312888705977,-15.158919417462071
2001-01-24,24.65386412697812,-6.216493000443019,-17.76763076802446,-15.077944145294639
2001-01-25,24.771878383770265,-8.43134520233169,-17.55962463382835,-16.96324632148059
2001-01-26,22.25243818726897,-7.197001472877015,-18.52493984952809,-17.238984936320904
2001-01-27,22.56878713613142,-6.672788922337796,-18.393827039817094,-15.217132122877125
2001-01-28,24.31648744338653,-7.58374431269756,-19.792152415912238,-14.607694621808887
2001-01-29,24.941444805531784,-7.119340494245817,-20.01786531534215,-14.479039826587702
2001-01-30,22.80317674544881,-6.000587461511614,-20.601327448964984,-14.686176858309159
2001-01-31,21.638576217468238,-5.457942435891943,-20.611045095804695,-16.37932461958423
2001-02-01,21.640704598244636,-5.066103679366529,-21.621996595909142,-16.934090354149422
2001-02-02,22.356126917692475,-7.7709833059938855,-19.90832949597251,-15.222088915085893
2001-02-03,21.9550001612463,-9.33103655722973,-20.25817007726827,-14.799060992400392
2001-02-04,20.902728085969777,-10.275145415517416,-19.45600952360728,-14.52276058145512
2001-02-05,20.645942339916072,-9.53809134238544,-17.588214922259244,-14.210252436423627
2001-02-06,21.051106679123084,-9.444211856035075,-19.930764349680107,-16.54387120250384
2001-02-07,20.623700378403225,-9.243724950246493,-18.753136560681845,-18.373916295118683
2001-02-08,20.621605591834506,-10.860945445065436,-16.21081704027537,-19.800673579351066
2001-02-09,19.352993901263563,-11.049158710748056,-15.804833086756377,-19.60640169972969
2001-02-10,18.91255570011228,-13.34782180435983,-15.453635393479821,-20.79645314728865
2001-02-11,20.79965321531367,-12.500572940305668,-14.602531668221333,-20.354706913430363
2001-02-12,21.15196511726853,-11.761778981784719,-16.138437530234825,-20.016437506503813
2001-02-13,19.78531776581032,-11.534124620884148,-16.56999176923604,-19.719361164969836
2001-02-14,19.31427666009173,-12.00259609936439,-18.009815836268857,-17.74651762052772
2001-02-15,18.540412977245925,-11.61547349348243,-16.928474521856344,-18.439869669509815
2001-02-16,16.388515690921093,-11.266839639707504,-16.811962964752613,-19.056149917836805
2001-02-17,15.145523984732483,-11.742456051471944,-18.54498959391279,-20.65860114427621
2001-02-18,15.014449567440426,-12.40556912990822,-18.153293934331476,-20.735056400035187
2001-02-19,15.666050525154724,-12.917247489312443,-15.33723728754663,-20.57933193864564
2001-02-20,15.928111845190534,-14.52769875020488,-14.506693460148508,-21.583432316173873
2001-02-21,14.958901924142832,-14.017333368517782,-14.720842186870737,-21.34291009437843
2001-02-22,16.887278009817834,-14.284671912683887,-14.055611947361795,-21.87109480823945
2001-02-23,16.361868444724106,-12.196299596402332,-12.921826064704295,-21.516843363434127
2001-02-24,15.614163341131967,-12.131513808384204,-12.685741684665322,-21.365081144027428
2001-02-25,14.126995282677226,-13.854289899402717,-11.7551709026923,-23.188415205838172
2001-02-26,14.699262158388919,-14.363201877392937,-12.054502062764909,-23.021707479727468
2001-02-27,15.133108478724658,-13.179842975832823,-9.424150253732812,-22.810069802062788
2001-02-28,16.631433838141657,-12.700769071891862,-9.894169695474599,-23.573398565384103
2001-03-01,15.085994371785507,-12.21527336443582,-8.348466716052393,-21.246121667175327
2001-03-02,15.93444685966578,-12.752282840711668,-7.3688562167037395,-19.833946617944
2001-03-03,15.478469151017743,-13.96359193926086,-8.684501826792834,-19.88998689951328
2001-03-04,15.465382337569974,-13.66053216565064,-7.929017244194235,-20.372338408064902
2001-03-05,15.91383833436616,-13.007250614689214,-9.075661251688055,-18.93647171666771
2001-03-06,16.746234787598226,-12.822805232429053,-8.244796925023515,-18.153049551056764
2001-03-07,15.483126598734865,-11.287333328008074,-7.720278224108117,-17.356371329462913
2001-03-08,14.386808201949153,-11.11920332583639,-8.259324109124144,-18.655373597915315
2001-03-09,13.576984178958604,-12.15214135915633,-8.603579446339552,-21.056258411722077
2001-03-10,13.396491083029725,-14.040459659293996,-7.500156661617155,-20.325183926897367
2001-03-11,14.236407898561936,-13.73137877814508,-8.7835107522385,-19.990631577080535
2001-03-12,12.645132581906184,-14.153383015992114,-10.177313342227842,-20.134222149231864
2001-03-13,12.167686717784518,-13.756220476091803,-11.195499283997872,-18.243112884943347
2001-03-14,11.325969429411892,-11.605519940842827,-10.690138899425369,-17.330607790721423
2001-03-15,12.080984474961582,-13.480767900678858,-10.167880876165214,-16.66742657168565
2001-03-16,12.970414662290231,-16.31418076440833,-8.932170477010533,-15.246240796982022
2001-03-17,12.56426597584593,-15.45579637982552,-9.502943622487434,-15.513563398838468
2001-03-18,13.329839014508552,-16.38522926098935,-10.451501494196455,-17.19240997573164
2001-03-19,10.918229094183587,-14.36504480960611,-9.605378840274938,-16.59815507698731
2001-03-20,9.39986990710454,-13.295529802817843,-11.26916587174646,-16.40972399138169
2001-03-21,8.198080850487898,-12.71422225467167,-9.927597919407496,-16.55080058102858
2001-03-22,7.200778578276309,-13.881687893789689,-10.5732422571638,-15.365081595455118
2001-03-23,6.6529215273814835,-15.75133365257464,-9.071251191278392,-16.188277384228684
2001-03-24,8.149618655778538,-17.00968583934766,-6.871672486158109,-14.897967173255065
2001-03-25,8.185817406682279,-16.62758951513385,-8.165601571240968,-14.384483978803527
2001-03-26,8.950533607691721,-17.035269489544678,-8.355195158113291,-13.763199738630918
2001-03-27,7.620031019685945,-17.140617402652687,-7.811654281938457,-13.423872029289923
2001-03-28,6.939440234602637,-19.141720176633815,-8.83927123665953,-13.081875532348324
2001-03-29,6.123645114716808,-18.089635253750135,-8.944104061425824,-12.778998179773415
2001-03-30,5.993457211782105,-17.37830982994305,-8.80984032717618,-11.580900797713632
2001-03-31,5.82590753932195,-16.554737753020166,-7.224544695473775,-11.094897203043319
2001-04-01,5.345429969797566,-14.040271767112097,-6.86958119519304,-12.515506571615777
2001-04-02,4.83815842208281,-14.376332739240453,-6.197580699109051,-13.96749582613105
2001-04-03,3.9673455243472326,-13.867419938341232,-6.468437470503279,-14.985502528248903
2001-04-04,3.2619677175156885,-16.47059456533116,-5.264743953707052,-14.623650756293278
2001-04-05,3.7505775096532936,-16.272525868273092,-6.4647645110681555,-14.958918926852455
2001-04-06,4.717965225731744,-15.242155643892199,-4.880025304396604,-16.34736934927898
2001-04-07,5.09204187803695,-16.83488033521487,-3.9480142969305416,-18.649848940945134
2001-04-08,4.273221987015078,-18.928506827685794,-4.482646914286923,-17.284492844046174
2001-04-09,1.836439250526952,-20.210627824267213,-4.72445543578761,-18.12834479591869
2001-04-10,4.9243792720411985,-21.015114902992345,-6.518922767816722,-18.27778729393184
2001-04-11,4.500604595853412,-20.815165219078953,-5.248247104563079,-16.727200869097896
2001-04-12,5.0874271837578044,-21.115052398950997,-4.428039768718871,-15.984041405497935
2001-04-13,5.174881591370395,-21.416536164023245,-3.5807556432415035,-15.460902175180877
2001-04-14,5.671769284891743,-21.202628524909798,-2.162513560170569,-16.378923327831217
2001-04-15,7.666740409467112,-21.72232761465915,-2.5441592832571787,-16.364029895969466
2001-04-16,6.4686031010934215,-20.472923390427262,-2.12089271188583,-16.034683588267296
2001-04-17,7.3789208573263565,-19.177453270382614,-1.9515405405732722,-16.75049383922915
2001-04-18,5.0935727236494746,-18.013403633229302,-2.6670787930135815,-14.72551468030207
2001-04-19,5.374814562142813,-17.713867687094854,-1.2686960625398684,-14.775707171870485
2001-04-20,2.845398300042383,-18.87985478514959,-1.6941823314387763,-14.75404061807857
2001-04-21,1.6050533649937526,-17.854601820158763,-0.2980367042200529,-15.249011490054732
2001-04-22,1.0384429876753023,-18.227799478591233,-0.29120052879193686,-16.197383099252193
2001-04-23,-0.06521906461944371,-16.8630017040918,-0.6751397287236391,-14.330001370980767
2001-04-24,0.5658892991685239,-16.0755777552675,0.5290463996268651,-13.570790162798534
2001-04-25,3.043881475403899,-17.337684152563806,0.9626452523548521,-13.057141178824331
2001-04-26,3.2977621637545957,-17.491509958840314,1.0054799408474462,-14.010904243634783
2001-04-27,2.2168253678178207,-16.639376245058536,0.8369802662523552,-14.066222428497857
2001-04-28,2.8433068393649314,-17.706256488156363,1.570490060436697,-15.475744602408655
2001-04-29,2.5058185944007136,-18.18011908743625,0.6887096531610196,-15.752803530187546
2001-04-30,3.9876402389202457,-17.936754277853563,-0.6017049626166394,-13.97905062686658
2001-05-01,5.070511567878686,-17.36372869349212,0.566474780759377,-14.005121450804642
2001-05-02,6.671795873711817,-18.454642627956954,2.6617675877328053,-14.732541426814217
2001-05-03,7.224971796949785,-18.941551811796746,3.941264142413355,-12.84354039055045
2001-05-04,7.257644844013931,-19.81643509708874,4.873909832134925,-12.61145720248433
2001-05-05,9.51256000205884,-18.137541124814334,5.462124914765209,-12.23831655146436
2001-05-06,7.485953605657672,-16.616882929495837,4.591623298769465,-11.156637605368644
2001-05-07,7.038040483070123,-17.425411557891994,4.067593398902937,-11.506913943032654
2001-05-08,7.00503046398096,-16.618648291939937,5.137499673696483,-12.459043142257348
2001-05-09,6.848251312886145,-16.67782975224008,3.347625923650372,-12.249794716447353
2001-05-10,8.238463373616142,-16.74178672590277,3.752209248279203,-12.7449834469992
2001-05-11,9.893228974513873,-16.420137225917625,3.842244228078827,-13.837723668819466
2001-05-12,9.606127305983902,-16.77455151259273,4.724532569761669,-12.534285598641782
2001-05-13,8.215440858046287,-16.59962814509043,3.534041048366371,-9.52694459596028
2001-05-14,9.23641848479597,-16.262582191255504,3.457266983921153,-9.43365809377717
2001-05-15,8.753425789130185,-15.827541446232964,3.7121172397844693,-9.863238066175596
2001-05-16,9.317115318908689,-15.73336032710861,2.0479226952751723,-9.383559819866939
2001-05-17,7.658574870252305,-16.081280100249277,1.9910298181250985,-10.166288567624118
2001-05-18,6.380652749827113,-17.716064979472026,2.7926429261992807,-10.96660241626913
2001-05-19,4.739930829975478,-15.630492548839722,3.519487127704786,-11.148729105874743
2001-05-20,3.008968867070881,-15.874926391588096,2.4621437663592802,-9.823958626598943
2001-05-21,1.3863506303454185,-16.928250654603737,2.5395413604955097,-11.568511806200899
2001-05-22,0.46238908568339254,-16.022524508509942,2.374004095585975,-11.408479675947122
2001-05-23,1.4143305308778369,-17.32001113610023,2.131762730914363,-11.929244002186248
2001-05-24,2.485047703477952,-16.788411017826693,1.7777154853558343,-14.711072167276892
2001-05-25,2.510343814223088,-16.915076935981276,1.6949777985329024,-15.050967378897754
2001-05-26,2.760240071016879,-17.72218730977237,1.3363886079729472,-15.230856823314982
2001-05-27,3.56595035453734,-20.65110762465231,0.2437911148558929,-13.781728553768158
2001-05-28,4.176731130293932,-21.976601210918734,-1.4758218218125063,-12.824102799461555
2001-05-29,5.733528327736211,-22.191446093383874,-2.9700324681842054,-14.103511233640987
2001-05-30,6.3779521538987956,-21.844300192754112,-2.273032060552646,-12.796673120271862
2001-05-31,8.234111190486619,-22.076755686715014,-2.7299374954010314,-12.968212512389695
2001-06-01,9.180181310817117,-21.436398806324938,-4.037239213515701,-14.084657654760518
2001-06-02,7.698206429204122,-21.968840000527944,-4.020590666509218,-14.549665369662922
2001-06-03,9.265647655507081,-23.404915377814664,-3.9374659781564967,-13.782268177942035
2001-06-04,8.514233128644403,-24.60559019584288,-2.473573854325826,-16.776628775673156
2001-06-05,6.944610337536622,-22.688850758155063,-2.782122020266163,-15.45406463325042
2001-06-06,6.697483762387789,-23.0265117122327,-2.9947628060410723,-15.370729185594756
2001-06-07,6.372015903782883,-21.99350132930311,-2.2380358968635274,-16.760915996086645
2001-06-08,5.84019887244633,-23.549837012358747,-3.3603319993920273,-17.471083357669045
2001-06-09,6.772444277187209,-25.00648643594251,-3.141772605409216,-18.51534959074675
2001-06-10,6.614377399284524,-22.43605620180843,-2.7964307106566446,-19.54805010020705
2001-06-11,8.565258191104583,-21.90272098490708,-2.0319416461757407,-19.84724329476528
2001-06-12,9.219036792896638,-20.892262067382642,-2.305181568089583,-19.471920015653577
2001-06-13,10.146606249884872,-21.554241876293,-2.164006838508564,-20.29136797428752
2001-06-14,10.139172635698516,-20.582307412884244,-3.1048644985597607,-20.3888403162774
2001-06-15,10.93176274465848,-19.348941689673353,-3.4550260613593897,-20.143501376048828
2001-06-16,11.520627052314268,-19.585025283842015,-4.5961145390272,-21.20838987543232
2001-06-17,10.513103455093855,-19.689020062039337,-4.881610588506539,-20.107650954403443
2001-06-18,9.188679687546195,-20.27758957312273,-5.5310832293180985,-21.0003360350606
2001-06-19,9.725074647702154,-19.055662784756652,-5.402741402138108,-22.39507419217952
2001-06-20,8.945416381584236,-18.063097936797345,-5.198644953140701,-23.2059773381078
2001-06-21,8.451540591145955,-19.540488152309624,-4.24976738814027,-24.8515467982332
2001-06-22,9.216222485555798,-18.031783491980267,-4.468725465254568,-25.43084669752137
2001-06-23,8.275174792364105,-16.80022873905713,-4.27950750984946,-24.456730729140993
2001-06-24,7.5403779020045185,-15.913011863961202,-5.593110637777242,-25.497905918195183
2001-06-25,7.221255901845933,-14.619990451003847,-6.182127905814955,-24.78177099793351
2001-06-26,6.997830125761245,-13.456212548404476,-6.719576476367654,-24.209393452700102
2001-06-27,7.111582974299991,-12.121253482284361,-5.457486476016411,-23.19711753979672
2001-06-28,5.692550492630118,-12.877885706002568,-5.235747975778177,-22.451154672943712
2001-06-29,4.188166919179336,-13.388796270909191,-5.091245534971605,-23.243872771578687
2001-06-30,4.255431413586893,-14.922291759943777,-4.369348878215422,-23.48729808968059
2001-07-01,3.565052362394588,-13.884731422900348,-4.782662938844674,-22.829326101320586
2001-07-02,4.821150713007218,-12.258522083197853,-4.487173417620474,-21.93241262511326
2001-07-03,5.485069067919072,-12.129839871280842,-6.2647234645850105,-22.297840410406586
2001-07-04,5.004279286037032,-11.825634386965836,-6.230370418163953,-22.223118485464667
2001-07-05,5.331040149165581,-11.464452353340587,-7.294184939662841,-23.382866862993957
2001-07-06,3.92440707736162,-13.281526323209743,-7.736607187237635,-24.263264976923654
2001-07-07,4.302564898183753,-12.826490652987367,-6.7086935979650075,-25.096189962255806
2001-07-08,3.545881702185291,-12.661267067735986,-8.819350534206675,-23.999583802810694
2001-07-09,3.628046719300326,-13.045611211651767,-8.683382215631497,-24.784219516030632
2001-07-10,4.798997321689153,-13.366576309431682,-9.153912534284133,-25.76581631618753
2001-07-11,3.71282550553545,-11.526257708369718,-7.43299628497313,-24.574221158029907
2001-07-12,5.641550341502517,-11.473816030690818,-6.120665490349215,-25.04857261171616
2001-07-13,5.807043377310985,-10.859622623455406,-7.39860652493872,-25.03820171059012
2001-07-14,4.997787398314049,-10.415301716009438,-6.781488365793809,-25.73505046496424
2001-07-15,5.077734754237266,-9.946203834498956,-8.722426634475825,-26.491986955043746
2001-07-16,4.506633006311219,-8.76068218884295,-7.304310841329651,-26.763319092904613
2001-07-17,4.718191297856513,-9.80944170017135,-5.67658897143682,-26.513741341804
2001-07-18,2.7567417150736313,-8.865481704050726,-5.579687398500178,-26.3000685932566
2001-07-19,2.3220395104455966,-9.004838354644889,-4.753330347629489,-26.692573486541388
2001-07-20,2.5816773213303175,-7.880135208256229,-5.650391370094237,-27.059665544868974
2001-07-21,1.9970747627733143,-7.011325603789848,-5.689416205206654,-28.516447569632376
2001-07-22,2.751555611329907,-6.641127333854216,-6.576035979576734,-28.19080114710497
2001-07-23,2.544572658901382,-6.746278979436966,-6.0043840890186235,-27.180750503140136
2001-07-24,3.1865713223244327,-5.67032439895303,-6.624275643543509,-25.306246969567752
2001-07-25,3.888883208053947,-5.860170461143087,-5.659405554928742,-24.13444444992892
2001-07-26,4.6148943649102705,-4.394225294541592,-3.9601938264247947,-23.832316737903103
2001-07-27,4.662651853772687,-4.104732142160894,-3.7108378884603908,-23.15557906135101
2001-07-28,5.353476717301208,-3.7190857544075864,-5.683482783272771,-23.910494721152393
2001-07-29,5.725912345759044,-5.0006276314974185,-6.245555024424311,-23.910900781208223
2001-07-30,7.160533881446719,-5.89148161310006,-6.306527402276241,-24.647010970759478
2001-07-31,7.698081658102881,-5.889600029716895,-5.730195622953931,-23.840909215041663
2001-08-01,9.436193035893798,-6.570437721207631,-5.2696243132239395,-23.08293268118564
2001-08-02,9.53652643745409,-6.744296806434386,-4.5493480056015745,-21.98729051807946
2001-08-03,9.175896486543241,-7.657039693370074,-5.360415821994146,-23.16846569537592
2001-08-04,8.634211234293952,-7.841720411987569,-4.309462296300525,-24.327787031273964
2001-08-05,8.093808416421714,-8.765934643852816,-4.223586883183207,-23.985504840924573
2001-08-06,6.293626137258906,-8.393393825743377,-4.291085953023777,-23.405234502178658
2001-08-07,5.893852344802679,-8.548460474912016,-5.7266600469703235,-23.33880529589791
2001-08-08,6.6584160213658645,-7.229384814854198,-4.2194498155319256,-22.704758955725193
2001-08-09,6.205540635142015,-6.215644670943494,-5.531501999538021,-22.594812986874313
2001-08-10,6.444137489093867,-4.604731553152966,-4.627725885394506,-23.0250889960563
2001-08-11,6.355919078698444,-5.608324407272669,-4.126783480655071,-20.94903285186401
2001-08-12,7.027357381446306,-4.912299243278997,-4.046871396799936,-21.380030883698268
2001-08-13,6.940630799229762,-3.799472513007319,-2.508161715832913,-21.139527191295535
2001-08-14,7.261153302070149,-4.245404499365034,-1.5916199859484244,-19.463896184635985
2001-08-15,6.871230686038216,-3.0526627794681076,-2.6784978650349505,-20.162241278797097
2001-08-16,5.232397753796854,-3.9288362485216646,-0.7311781591238,-18.328058759943744
2001-08-17,5.967329513169739,-1.9637645537812718,1.294762927979056,-19.07854309450308
2001-08-18,4.0503035480853855,-2.6967636450491694,2.954246073524121,-17.955175698631646
2001-08-19,3.545428404202383,-1.983316964748656,2.2767389593298972,-19.904674173470323
2001-08-20,3.9880269992131203,-2.2878679074998725,2.6540348122354076,-20.5111065180383
2001-08-21,3.831100756993803,-2.0971822769630526,3.104656259639791,-19.735201300281005
2001-08-22,4.424292245886464,-1.8179373169666673,4.551052680934106,-18.119718156669617
2001-08-23,4.364873651635349,-2.6605610231093415,4.083180802471762,-19.06481251503144
2001-08-24,3.079108992756251,-2.028052132133206,5.3752877306146924,-19.79158001131794
2001-08-25,3.4096615783332402,-3.183070128009366,7.500121556292125,-20.72193656754774
2001-08-26,4.661588060640646,-3.9466920464593596,7.38542330429749,-20.30867673992446
2001-08-27,4.911315710064272,-5.082454134409355,5.942030427832391,-20.197942417868504
2001-08-28,6.815037862288312,-5.076020009541454,5.136911457538839,-18.96841183903285
2001-08-29,8.468545135013427,-4.835329095052559,4.48833286920912,-18.284325153685273
2001-08-30,8.41908520030729,-5.178780576673322,4.348807605820835,-17.789563069333642
2001-08-31,7.747096119714402,-5.031035327885665,5.134868536796831,-17.803755852685786
2001-09-01,7.600897653289446,-2.8393242054272916,7.146085074737012,-18.973681611862496
2001-09-02,7.803160162528313,-3.43539651902711,8.120312242043807,-18.375313776375386
2001-09-03,8.644152409381656,-4.508695023389359,7.253536311000321,-17.327316199418632
2001-09-04,8.309264911721232,-4.139314917520277,7.916096845264372,-16.42963486981917
2001-09-05,9.051373148789098,-3.189498942999327,5.6802579161865046,-16.181544397116138
2001-09-06,9.519271943214024,-3.837177617850392,3.967682596673889,-16.387003341769645
2001-09-07,11.514508957890916,-4.401531139302868,3.043790712458598,-15.99925022496806
2001-09-08,11.76739607932195,-6.4150283939119035,4.3384008373046035,-15.334261587997858
2001-09-09,11.24700023720227,-6.985365130527335,3.1655530137666634,-15.53070007807836
2001-09-10,12.725122443558469,-6.62854421835836,3.4817555312654025,-16.54183839623912
2001-09-11,13.48983980684562,-6.868575814897587,1.5215114008665895,-16.004652483639923
2001-09-12,12.41257786308691,-7.557319175301421,0.35826701086106105,-15.687747278222576
2001-09-13,11.93610008276836,-8.223515402354414,1.120571239026813,-15.806459250629727
2001-09-14,11.799908938561543,-6.622610165501676,2.9762002849953513,-14.834964280177525
2001-09-15,12.52669885564443,-7.636998466124125,2.586367075427871,-15.642179940600359
2001-09-16,13.057637165353002,-6.112535012758879,3.066768253651172,-14.148019557037196
2001-09-17,13.54626838104949,-6.196799344263248,1.4143099750677801,-15.771614737211442
2001-09-18,13.483934853338631,-2.9566518929142265,2.0351623841437534,-15.310497217648905
2001-09-19,14.835110566714995,-4.603899935523013,0.3682937115999654,-17.378969149692058
2001-09-20,15.348664069305237,-3.753557351798977,0.7036960886832333,-17.217655926319065
2001-09-21,15.489232994210647,-4.311593956133885,-0.12507753513202247,-17.41240913259275
2001-09-22,14.210445666664967,-4.313197810572842,-0.5625323456304305,-16.821503819521777
2001-09-23,14.511503781377261,-2.814832567705041,-2.221630811097736,-16.68550845792517
2001-09-24,15.364599441295418,-3.5423642233589208,-2.2203094281600397,-18.41713069461433
2001-09-25,15.507955466114046,-1.8976397432834795,-1.6776219426852013,-17.55137463349015
2001-09-26,14.518533398625213,-1.908058237419398,-2.598291412043858,-17.527535658029283
2001-09-27,14.73994378360753,-0.23994191837242762,-2.4675595706300375,-18.74925671124889
2001-09-28,16.013832014720244,-0.1758849664430532,-1.7005939706705915,-17.073549889152183
2001-09-29,16.962133595963675,0.03863199158076358,-1.3354724764653165,-16.688087223546038
2001-09-30,18.933858414972857,-0.6167507625297672,-1.7633608113625363,-14.361927621700602
2001-10-01,17.6228345525307,-1.5752567078523998,-2.5449892327209738,-15.096047904918708
2001-10-02,14.775890740713143,-1.794810908772372,-1.4647001795925736,-16.046143097228708
2001-10-03,14.053547929027992,-2.343181012905329,-1.0819284096056956,-16.740410024537347
2001-10-04,13.433354514741373,-3.0605103274911367,-1.3317773120098984,-16.064523279999484
2001-10-05,15.00536176778338,-2.8226107431354093,-0.34345481552958435,-17.42530940833216
2001-10-06,14.05047788642408,-3.8381974567667942,0.9174699649075652,-17.50771391338947
2001-10-07,12.90601231730449,-4.608999645059971,-0.12946812935544616,-14.88832339747564
2001-10-08,12.2211270875253,-5.691206662061415,-1.1557732021109102,-16.538732122084863
2001-10-09,12.329093694177818,-4.678516535975238,-2.093855839080099,-15.366990979295684
2001-10-10,13.58227161044486,-3.8671458628516797,-1.9518515178402107,-14.428232360365978
2001-10-11,13.777368423721665,-2.9868929916618714,-0.8636642639504877,-14.037293383531134
2001-10-12,13.951914822632592,-2.837338043020674,0.7459334695667927,-14.710243802176358
2001-10-13,14.816390536608319,-3.242642055343334,-0.3448597358384047,-15.17380541920437
2001-10-14,17.27251106815799,-3.0900978384124964,1.492534259786007,-15.97082187054143
2001-10-15,16.187367163324172,-1.8792164815710386,1.2245788030184284,-17.144864244252002
2001-10-16,16.887227396733273,-1.2157567132737488,0.3404013044947177,-17.012299831258346
2001-10-17,15.901425531777821,-1.5361917799927303,-0.7641603910692535,-16.821975040979908
2001-10-18,15.559455932119082,-2.2098633602040634,-0.08684710513174354,-16.688729891705353
2001-10-19,15.592873827255746,-1.9201179436925704,-0.09668073572264056,-14.517601865714397
2001-10-20,16.755438125866167,-0.5379522498080522,0.7093166635276477,-15.170824705716676
2001-10-21,16.766453552211132,-1.1818788554580126,0.8538175243515309,-15.684024304087215
2001-10-22,15.790885717385327,0.35180243063038885,1.7457179470390036,-15.137331655807209
2001-10-23,15.400378856912713,-0.1738539730200067,1.88770014563729,-14.654698196440295
2001-10-24,15.072096207177003,-2.454151935386894,2.9780215346759835,-15.443165720037833
2001-10-25,13.46164599940169,-1.3425952235873098,2.753386746528551,-14.867418023406133
2001-10-26,12.43790637862899,0.47576270103315377,3.2033608498574573,-12.638380757843656
2001-10-27,12.9696015442102,0.5864447262007783,2.3813504922206397,-12.153609191034517
2001-10-28,13.939266276533363,-0.7301088473826575,2.714072398190644,-11.396917356544334
2001-10-29,15.221548540640434,-0.9370857896086898,2.037491581774291,-11.246669416907014
2001-10-30,13.831438623942551,-0.19038138591502518,0.898947593443864,-10.702030088014155
2001-10-31,12.304809171795739,-2.4494514841017674,0.38932854809262163,-11.044160402237308
2001-11-01,10.923294720157283,-1.56510186342837,0.10832754516783105,-12.144916995488762
2001-11-02,11.913078356917818,-3.1895212106274586,-0.15443841455930163,-10.872632347170173
2001-11-03,11.50551789142247,-1.469275409324533,0.07021108257231876,-9.561218770146894
2001-11-04,11.71608603998122,-1.9295485157735004,1.7723632171356891,-9.719212270047407
2001-11-05,12.30365680446576,-0.8897990811322543,2.9469078339323693,-11.05502492854859
2001-11-06,11.5717475026138,0.3660458128571802,-0.33792458419188565,-9.530830303195879
2001-11-07,10.344012097259325,1.3288399865623617,-0.1917864284133641,-10.335729209411681
2001-11-08,9.086006839261692,0.8862995877855744,0.40000209629801153,-11.786274159761371
2001-11-09,9.328894769990335,0.7883757825663321,0.8098565947852013,-12.55579276558256
2001-11-10,8.951488357110314,1.352874682170457,0.43253150136573437,-11.128569910744643
2001-11-11,7.8548402122159935,1.3610202136222467,-1.5254813247671932,-11.860079269170946
2001-11-12,7.8584975647848525,2.149558134545171,-0.5466079908029549,-12.224720485377427
2001-11-13,8.62915001723119,4.113429304384363,-0.8167598892379577,-12.152276932979904
2001-11-14,8.984075608538907,2.064220748580684,-0.37882698293163136,-13.272618162023438
2001-11-15,9.161565621849013,3.4736439040254217,0.5654127849625059,-10.276800908550348
2001-11-16,7.708755442512449,4.0338194813403,-1.607510305658721,-11.642510055454991
2001-11-17,6.540671106548108,1.5850699227222074,-1.9570943668177219,-11.280087928586191
2001-11-18,6.887131907868953,-1.1902203029991565,-1.2706979170526052,-9.558888442195288
2001-11-19,6.902345858923836,-0.19786019258260146,-1.2316386593552426,-10.154158530408798
2001-11-20,6.8342011461211065,0.17258256199648153,0.16409956320700703,-10.890117673953041
2001-11-21,6.489158020589694,1.2915291348855331,-0.2530910392044047,-10.902708486146278
2001-11-22,6.770668096734864,0.2589887191327287,1.249174165636365,-10.755946895699523
2001-11-23,6.86661510133626,-0.9584577866854227,2.2527097942762424,-10.661946566239271
2001-11-24,7.342523203585445,-0.9159939855789025,1.984146769123967,-10.599830611387079
2001-11-25,7.010960781062537,-2.165949815422742,3.274368045228406,-11.269388169265333
2001-11-26,6.502681283967591,-3.4456262037578256,1.8699613242013629,-11.322230643584048
2001-11-27,6.715838227631213,-3.6437094516747033,1.4085801935509108,-11.277407010792215
2001-11-28,9.137915814638443,-3.0739096130648713,0.45584161160291237,-12.592005634633189
2001-11-29,8.010940602324755,-4.225274423009953,0.017791502512404245,-11.481643095599987
2001-11-30,7.770240871768181,-6.305701511545465,-0.636607593151582,-11.726396254744522
2001-12-01,7.911879130342754,-6.922232211297306,0.1714611545759347,-11.482404649113226
2001-12-02,9.80099276453148,-6.084531530919103,-0.610792691291249,-11.56510895126763
2001-12-03,9.939380154229728,-5.614939192187711,-0.15294644408363883,-13.368644302285851
2001-12-04,10.61196334669065,-5.983175339636457,-1.334071561715252,-13.264236813133424
2001-12-05,10.396028548722953,-6.610855872519371,-2.9938290233996834,-14.551001956082573
2001-12-06,11.852810306167603,-6.1289790180090815,-1.3089426423818629,-15.037761080461957
2001-12-07,12.252034472362046,-5.5648105226591635,-1.8104113260273191,-15.773230874035114
2001-12-08,12.094052696610545,-5.394684787958855,-1.058480609457198,-16.580178591184968
2001-12-09,11.228887145362352,-5.901619162357779,-0.5490774847992599,-15.278674413577553
2001-12-10,10.319658146126255,-5.401719694886698,-1.906090456148808,-16.419728048319463
2001-12-11,9.023736176372779,-5.990398672906194,-1.9431858283532826,-15.56477679138167
2001-12-12,7.9593842475365575,-5.8388437839777,-3.925994789396044,-15.998714833872182
2001-12-13,8.271343778373017,-5.858458679115137,-2.8608592623450173,-16.771940427363422
2001-12-14,6.7818173008489655,-6.118445782553866,-1.1558620558559962,-18.32218846844106
2001-12-15,6.077762507305704,-3.543835352222661,-1.303988206471185,-18.093579358027682
2001-12-16,8.725263797353335,-3.7555637953853345,-1.8435247262412149,-16.61516277218191
2001-12-17,8.621472240234983,-3.9781832563547743,-0.590807090340651,-17.4529754108362
2001-12-18,7.622499087911573,-3.4544956170865304,-0.4831094661114764,-16.05060385807677
2001-12-19,6.7943624866559444,-3.667134537281763,-0.6942296617555878,-15.141288144945825
2001-12-20,5.000134693009893,-3.467286146407948,-0.10603611957626136,-14.402878757898817
2001-12-21,5.5014691779235925,-2.385834916260153,0.8370068685372691,-14.905194128499687
2001-12-22,7.001074935513664,-2.50426936043754,2.1929911151075365,-14.652437224777778
2001-12-23,6.790149268398914,-1.2015207220511777,1.3010586198032636,-13.18331379312785
2001-12-24,5.2697479817537225,0.3703334476328204,1.1638791943907365,-11.679434180391185
2001-12-25,5.110273537516155,0.9768559424786285,2.3345412994726327,-11.249968572456009
2001-12-26,6.020555989942405,-0.42760861131274597,3.6656707089642855,-9.528934043113383
2001-12-27,3.943337777884997,-0.13498672491317304,5.158543024839829,-9.332838617060995
2001-12-28,3.357772117940482,-0.8305009799347887,5.1595173226246756,-8.25359250718137
2001-12-29,4.321271882790987,-0.7352835685628941,4.087932702455248,-8.751996552719138
2001-12-30,3.0233139428276523,-0.3435471492843624,3.580068097757264,-6.543340133496422
2001-12-31,4.121987121699287,-0.55766890204006,3.824114083478679,-8.031651131163176
2002-01-01,4.808521214578692,-0.8787525107681227,3.0978533575721725,-8.879803977260543
2002-01-02,4.519118339792094,-2.9198209331986362,2.3021873214224273,-10.207624077044047
2002-01-03,4.4525983601157195,-2.725360911565391,3.4091979974042648,-11.349044873892101
2002-01-04,3.7323113824495833,-2.7175381501748004,4.239405001070702,-9.528029618396879
2002-01-05,5.249082287746423,-2.088388251707174,6.507217826666242,-8.777151895185971
2002-01-06,6.704544692710285,-2.9494362731116612,8.239085671285519,-8.650912077719623
2002-01-07,7.386421396885621,-2.039573788814437,8.933422328583578,-8.081509973619642
2002-01-08,7.56543634155023,-3.0492862379245764,8.794428386425356,-8.300752312383299
2002-01-09,9.66654136763229,-3.015447591063093,8.426411273523296,-8.486821365330758
2002-01-10,9.563123539341445,-1.658001311337676,9.697508259584094,-9.58725976612742
2002-01-11,10.062035930128115,-3.059130884683899,10.242694869928625,-11.586600236165019
2002-01-12,8.0674608209274,-2.5828041262222685,10.329466437962749,-12.605184352022054
2002-01-13,7.6290862721876005,0.8384719281817219,9.96593256078177,-12.075932276186684
2002-01-14,6.620151502167605,0.8269625786857863,10.847141635581826,-12.815124299273451
2002-01-15,7.352223718461371,-0.0257799505956956,10.639048144233726,-13.537448466866902
2002-01-16,6.437441683702412,-1.5812556262134883,12.267384428011235,-14.601503752168368
2002-01-17,6.46162754207753,-2.2925123407000667,13.577629678015537,-15.421340666970169
2002-01-18,6.30380342583757,-3.9070669230041095,14.361742809220761,-15.756321227929844
2002-01-19,5.641870883524964,-4.015018034451109,13.505536695994724,-17.05671552379371
2002-01-20,5.915388083260163,-3.8549870449301693,12.775805849569538,-17.686210713599287
2002-01-21,5.162970656420509,-2.707776887150822,13.597270173833417,-18.95013124616605
2002-01-22,4.788138482278041,-3.0848135408194186,14.617692960749144,-18.711456196314494
2002-01-23,2.6560470986350686,-2.0140192001550137,15.807487240355936,-18.703269759564158
2002-01-24,2.163972076842659,-2.1405333242470514,14.523979303055484,-20.399350790972427
2002-01-25,2.2404038876141312,-2.3791459906893477,13.892667052060268,-20.641157714492405
2002-01-26,1.5347382383205006,-2.8417794132063774,13.028307432876034,-21.447286736479423
2002-01-27,2.1417519393384197,-3.913972457737321,13.731122030412905,-22.496124903064928
2002-01-28,1.787898723584071,-2.127060857557386,14.301882133779154,-20.957172333451453
2002-01-29,1.535749681189193,-2.7124104608238904,14.050676992408645,-21.659585619386874
2002-01-30,0.09705166751615102,-1.521780203706995,14.344492227991775,-20.156245726437653
2002-01-31,-0.7485267315903128,-2.550028746272748,13.91580569251102,-20.24209998442757
2002-02-01,-1.9851512919941925,-1.0502842116161286,14.07285318580713,-22.492319756614656
2002-02-02,-1.9536049866983134,-2.734280387405611,16.48700657727209,-21.242768120102532
2002-02-03,-2.6961332630085413,-2.3608226826833096,15.235366864274923,-21.18927972560018
2002-02-04,-3.6060730650263277,-2.4719259201680455,15.97597152999296,-21.133853067827086
2002-02-05,-4.984287696179982,-1.7616194863595136,15.942627248402104,-20.331246372056995
2002-02-06,-5.9421774711008615,-0.5472467545810564,16.99791937519665,-20.065820583774297
2002-02-07,-5.050078009212025,-0.6910184830585525,17.55685316186483,-19.71714475307681
2002-02-08,-4.643969408836737,-1.3985494759712727,17.59627785354247,-20.231095145820106
2002-02-09,-5.03698441809729,-3.5739685126643077,19.07746897173998,-20.23916402852809
2002-02-10,-6.136896130024075,-3.6026280295267727,18.613913497195202,-21.01338065809156
2002-02-11,-7.028150578040383,-4.175873384280649,17.37374002917292,-19.807418740320017
2002-02-12,-6.339158895695236,-3.3557653547751047,18.827034851093472,-20.242903204740216
2002-02-13,-6.367392024608986,-2.087990279026031,18.106031466261726,-17.6136275355748
2002-02-14,-6.985171805723447,-2.609090700568033,18.37994718799371,-15.45299080855515
2002-02-15,-8.024361284308629,-2.8219504405183913,18.19317997341585,-16.884414233083927
2002-02-16,-9.405924237287373,-1.3239855391592086,18.108845144849287,-17.67099108694722
2002-02-17,-8.832035170284124,-1.7660402792017742,18.32394573358032,-18.57195036229437
2002-02-18,-8.087822615689296,-0.8790890342462098,17.31629370656149,-18.687685973178912
2002-02-19,-10.418036230037417,0.015370299770104623,18.004494955422537,-17.657734822180146
2002-02-20,-10.010404900805828,0.22982047119820537,19.486731085564053,-16.16989866952031
2002-02-21,-8.788839069358021,-0.7611134994390489,20.27223217296067,-16.56249025687851
2002-02-22,-11.308103708537974,-0.13195315874242064,17.86878149976371,-17.313954693949086
2002-02-23,-10.11809020448565,-0.9670783296331579,18.965935200034185,-17.121613089562782
2002-02-24,-9.401673956092877,-0.9220697846453181,19.08907420895671,-17.39957934597223
2002-02-25,-7.338122547483351,-1.4165107138783317,18.577284922808193,-17.171598650888523
2002-02-26,-8.062014752871713,-1.1165265166552991,17.1818844252989,-14.456110329140571
2002-02-27,-7.337016299690112,-1.4235945811777673,17.63412743116955,-13.353414373676149
2002-02-28,-6.766655435624126,-1.6129368154260448,16.903001305248555,-13.020915540479006
2002-03-01,-7.485799154016945,-1.2720368137571931,17.72128608354608,-12.75604953988294
2002-03-02,-8.56818972713235,-1.1618060734975217,19.352494134890083,-11.719242187726973
2002-03-03,-9.588070032766062,-1.3615878183370322,17.54812910963304,-11.42274609735695
2002-03-04,-10.158007821234973,-2.221142904538707,17.637026873270347,-10.358740226556888
2002-03-05,-10.285876797413982,-1.4547970135853454,18.659453019812176,-8.705514938719567
2002-03-06,-9.529795911713197,-0.6682488917685587,18.690256403454896,-8.28370375158553
2002-03-07,-9.768757189081818,-0.7189756483243771,19.585628491413825,-7.7289531816889445
2002-03-08,-11.013471993933557,-0.6092440402981109,19.14487039237127,-8.274197850950927
2002-03-09,-10.17976186280248,0.5201470232194935,18.599886842880746,-9.27471927103688
2002-03-10,-10.535593221396326,1.7399319337914507,17.3420243102041,-9.926556804420125
2002-03-11,-11.684905726877503,2.5488140158695503,18.09080930024703,-9.432038094091237
2002-03-12,-11.008946500693973,2.6644149890621294,17.52295097136991,-10.24674646424872
2002-03-13,-12.397044006841009,2.1457321036504893,17.61212527386235,-10.763520432342261
2002-03-14,-11.532758879348705,5.210496463553218,17.172937600377832,-11.367953736541832
2002-03-15,-10.768253684491224,5.290826796266222,17.815023773638664,-10.477188662470343
2002-03-16,-11.438962812145567,3.29729753625739,18.651421761159654,-10.131901253861212
2002-03-17,-9.241444725450314,3.5615184087434404,18.490206752943696,-8.775051715595797
2002-03-18,-10.534716402991139,4.445436366286943,18.349787463561896,-10.090165354267631
2002-03-19,-11.307154016075216,4.3409442393640045,18.58729309794596,-9.793495913815443
2002-03-20,-10.719023678708954,4.848498529762641,17.878569562803403,-9.01903718262711
2002-03-21,-10.703390803526869,6.624940251003743,17.5887657586386,-9.048411918838237
2002-03-22,-10.901541585770092,6.071149825757699,17.94935542101492,-7.762102656261246
2002-03-23,-11.020552864101491,5.8393632750262245,19.577929784552186,-8.617612497057607
2002-03-24,-9.332424265343457,8.295879766461809,20.579520160805668,-9.46102047112769
2002-03-25,-6.151862183656189,7.168896842453602,20.018750406078553,-9.297804202483844
2002-03-26,-7.133732942793455,6.779730120422793,20.560242760627958,-8.80122368256011
2002-03-27,-7.989378342815645,7.416525056285271,22.215239795631163,-10.818904607527267
2002-03-28,-8.346942690468582,7.114073833346366,22.235280282249327,-11.310106683343289
2002-03-29,-7.45596333253336,6.2424985231574786,24.512846252997637,-10.675477175471455
2002-03-30,-7.510660847146259,5.2773659219918105,24.700166315381836,-8.005602013817315
2002-03-31,-8.14911440463283,5.843221379539311,23.715642605597356,-6.399995457808853
2002-04-01,-6.9271393567409545,4.9994665252341886,23.881070790570206,-7.1889352156695985
2002-04-02,-6.325565486252597,4.659051461788604,22.449738563022198,-7.88875405448164
2002-04-03,-5.958922571832821,3.101547269101271,21.76552693262456,-9.753033618670525
2002-04-04,-5.894441885137368,2.343995355128717,23.486304780604808,-10.598053268419125
2002-04-05,-6.2744017248029005,4.536328395649948,24.41019074801366,-7.918411377664922
2002-04-06,-4.636636176442332,2.1969506686154703,25.68705006146509,-7.49008693563988
2002-04-07,-6.018781620183672,1.9171183699848175,24.40953813963181,-7.363482695768717
2002-04-08,-6.971871042983964,2.904575443747298,25.34972495038293,-5.978737158270391
2002-04-09,-7.360256934705386,3.7722100882791443,26.583908910216074,-5.136701515343902
2002-04-10,-5.870669092864494,2.6811672764081242,27.12065177854656,-5.812237899193957
2002-04-11,-6.899621054384493,3.6916977334074774,26.279967247261396,-5.564846829333171
2002-04-12,-6.809755674796172,3.225363434426506,24.844570550629932,-5.923311488205303
2002-04-13,-6.047886126677721,2.630004653186993,25.310266272751754,-6.889511221490734
2002-04-14,-6.896618291544547,2.1941674208847384,25.39595521090098,-6.012436962568963
2002-04-15,-6.777816203170116,3.113251737833519,25.4958160075346,-5.115362607140772
2002-04-16,-7.693134688667336,3.3962099415549285,24.960825096455096,-6.773127938135543
2002-04-17,-7.309636514306338,3.2563386490606927,24.41640640963825,-5.822092395645382
2002-04-18,-6.061699916633349,3.6363259337481697,24.1869030413558,-5.674314776141894
2002-04-19,-8.058370230273075,3.9613686926888514,25.26649634628674,-6.933018035687795
2002-04-20,-7.883035697685149,4.205903378173223,24.76644022468903,-8.072752526072481
2002-04-21,-9.038804195201248,4.7761821680052075,24.248302665652638,-8.614755776589726
2002-04-22,-8.809292073571845,4.498637904628207,24.689804361903068,-6.791126385839837
2002-04-23,-7.8514557587791,3.8095291584595716,23.811124344851912,-9.511441580033628
2002-04-24,-7.999469357145467,1.6045385480780983,24.14536654152554,-8.034636984260741
2002-04-25,-10.41339641609661,-0.8774966999071006,25.318192017576557,-9.066521256421616
2002-04-26,-9.832620232907102,0.6087275912199073,25.52611394956452,-9.198609585513783
2002-04-27,-7.803072128519943,2.061471928934166,25.600036899382523,-10.263304557915758
2002-04-28,-7.8230034749241915,0.9270629243563038,25.649834741943472,-10.279810362101399
2002-04-29,-8.13484279227986,0.16489348883726473,26.175206649960202,-9.746412965757477
2002-04-30,-8.111438700857828,-0.2748225105423666,24.366875354868046,-11.555599158335271
2002-05-01,-8.070338370888276,1.3009952471781578,23.750596157755396,-10.1943269179329
2002-05-02,-7.7569146584651385,2.7309838866669396,23.58801081260477,-11.487339253823226
2002-05-03,-6.511269946089605,4.927778996615762,23.092696394720644,-10.782403126780784
2002-05-04,-6.334565219977336,6.142248917436477,22.16114241483338,-9.775433170041712
2002-05-05,-6.427770260976131,4.909920575350534,21.566008450271326,-9.305934129583378
2002-05-06,-7.992806748128087,4.3825302569016635,19.708745068765875,-7.895991343347092
2002-05-07,-7.5879907018297885,4.298100257100311,20.02138188589465,-7.07156178890965
2002-05-08,-7.791279404265222,6.888120259166348,22.63517180313454,-6.523307232386763
2002-05-09,-7.351087083888773,6.399450738176922,21.81588656344836,-6.483441938540361
2002-05-10,-8.76611355963823,4.8340097981238666,20.50707448120864,-5.695979596406793
2002-05-11,-8.933120169799531,3.7707897418589935,19.409202506206377,-4.467233441574908
2002-05-12,-11.43727321150041,4.143126566885636,19.11893804904039,-6.559538800674963
2002-05-13,-10.870739171580384,3.8306262200120638,19.166592154352543,-5.0625338514291
2002-05-14,-9.088961713552917,4.71133106602211,20.609788758930677,-7.215648151534465
2002-05-15,-10.621679297639986,4.794523236408825,20.284662270348413,-7.485774874600725
2002-05-16,-11.786471350231018,6.540176258935627,22.029051629853036,-7.020565992976239
2002-05-17,-12.051570878487428,7.0022114233503014,23.347553393484663,-7.662476365064208
2002-05-18,-12.920625666452684,7.167990712032182,23.58024630075728,-6.614409777126026
2002-05-19,-12.073931029378443,6.245181930586522,23.180969209731295,-7.083085054031759
2002-05-20,-11.119912964525142,6.822842551703973,22.31317798293153,-7.441968500841267
2002-05-21,-11.543479735443167,4.749159349433748,21.71082054722467,-8.575511886342202
2002-05-22,-7.888323168353784,2.4037549149460413,21.029059497301123,-7.71385735249828
2002-05-23,-7.853777740651505,2.277046945303743,20.964914923765882,-7.532449655237893
2002-05-24,-8.377713075540905,2.19744674277144,20.8063106278295,-7.551819185447089
2002-05-25,-9.440843553849145,2.6327704484182743,21.599618776405425,-7.062295570260913
2002-05-26,-9.734995051266038,2.958583260880911,20.934544033600307,-6.744949905383816
2002-05-27,-7.9092287256431515,1.3078896109528846,21.143492510716555,-6.888233073969768
2002-05-28,-5.137738665000387,0.4359874116874676,20.790043198854644,-7.284965840004084
2002-05-29,-6.207430971149713,-0.19671876553243073,20.469542215468987,-7.432217398466307
2002-05-30,-6.534234513369861,-0.7498550028620363,20.07058179838077,-7.428452512420913
2002-05-31,-6.802847395466975,2.299589123207862,20.323659963164904,-8.144502019770623
2002-06-01,-7.214235845069305,0.6713589752429892,18.389701848741808,-9.047720234755905
2002-06-02,-6.249620461955674,-0.789357998506012,18.997940397410996,-10.253146199563252
2002-06-03,-6.865567097396124,-1.1725139475446162,19.450047080621268,-9.883388076186883
2002-06-04,-6.073022361987919,-2.1793900581033427,18.987740815630378,-9.592052125676476
2002-06-05,-6.931118723114608,-2.164768934424531,20.44700372612152,-10.693157242888358
2002-06-06,-6.384628037483128,-1.6843224853748302,19.376597795807417,-11.751297239296166
2002-06-07,-6.361989146043011,0.7592873132250164,17.122273302669416,-12.650651999826264
2002-06-08,-5.41266351439633,0.05927955510296601,18.149549161575013,-12.28840846591229
2002-06-09,-4.725487816107281,0.738262452584826,18.568109405549848,-11.571432975568937
2002-06-10,-4.6015832576151645,0.4375505640679959,16.260830456524946,-13.08638742463733
2002-06-11,-1.9802911041399174,0.42744389268663996,16.696102621999017,-12.948803338831251
2002-06-12,-0.7588456472318073,-0.3937734293953269,16.813609943795463,-13.052213844013131
2002-06-13,-0.7991842910927969,-0.08550322562102025,15.731067863797502,-11.521251421426724
2002-06-14,0.46817894399459314,-0.10707559473626144,17.72569654660652,-9.803605844529384
2002-06-15,0.4572612079704831,0.5107767716984144,18.22417336406302,-10.889204979976371
2002-06-16,2.270527389366297,1.4704922045577424,18.13522309963601,-11.025422994990008
2002-06-17,1.3007440617579027,3.137512812081108,18.694415305523307,-10.762138432725314
2002-06-18,3.1143307221133902,2.201220222920195,18.889347842127762,-12.071492074000457
2002-06-19,3.4920602859452727,3.1486261086470693,17.578611611804714,-12.363975268871812
2002-06-20,3.128789456679031,3.025277134323018,17.15752720828821,-12.353848307532848
2002-06-21,2.0751343515341296,2.579313314384768,18.439920540647865,-12.513034288857206
2002-06-22,1.296093354356274,2.5184217313386026,18.134394395222838,-11.6218992756948
2002-06-23,2.2715032767509076,1.997438432697603,18.13638542156255,-12.698958106098846
2002-06-24,2.272330153722167,0.663617123210015,17.87925094775663,-13.05836442215166
2002-06-25,0.8978891166139509,0.2549271470300756,16.36435114293379,-13.834090218968878
2002-06-26,1.4242885486410852,-0.13098201541125776,15.209462834471077,-13.932334599889725
2002-06-27,2.8915339356597656,1.0683446998800255,14.608694433095742,-14.253066997972565
2002-06-28,2.250431019563159,1.7673834909348343,15.616937755381576,-15.647881451876607
2002-06-29,1.3470307386215197,2.0228378410292467,14.957843781793128,-15.843401978671649
2002-06-30,0.4050687828718237,1.323922870674548,13.062775098311782,-16.40783671589703
2002-07-01,2.4649729803422034,2.137072255894728,11.872152664693118,-16.281268285947476
2002-07-02,3.2339235921242597,0.6936374084440979,10.597626518273309,-17.966406168619937
2002-07-03,2.709941365937424,0.6102813567302242,11.07042749653598,-16.15385368213575
2002-07-04,3.760954252622424,0.8947405781507247,11.866260161246059,-16.801532810450983
2002-07-05,4.46128028033551,0.7685175029912806,12.211660626130163,-15.793037434538185
2002-07-06,2.947980782503139,1.4330079889778902,10.612296340269598,-17.323833877448106
2002-07-07,2.5204077473292634,0.4381179453706462,11.36513090522149,-16.201373198294537
2002-07-08,1.1925376877571374,2.042272613008035,12.95979826068873,-16.029162732913594
2002-07-09,0.04079606522381396,3.2023462870434805,13.429155588712048,-16.419966950207243
2002-07-10,-0.05657679125650754,4.030447477335568,13.209715171039033,-16.27385725042534
2002-07-11,-0.9338279531046997,4.028942643354282,12.242298400174187,-14.78479187042098
2002-07-12,-2.4363884848235595,3.7909534420953017,12.534710238063852,-14.876501987654935
2002-07-13,-3.9759657280231337,4.678096350315811,13.902999501683002,-14.904553189484133
2002-07-14,-2.6492973129270228,4.310784961906957,15.02055931254458,-16.139968090828532
2002-07-15,-2.569639353459928,3.4887815795333434,15.995993761796838,-16.96070424187604
2002-07-16,-2.428485882150797,3.2476656290828356,15.0791569614959,-16.62619714856299
2002-07-17,-2.283093815958445,4.111904173532786,16.12789315631059,-15.282055010972124
2002-07-18,-3.4603432645533534,5.485073006225488,17.247229920845786,-15.225746294949834
2002-07-19,-2.2791560889743305,5.930868114743979,16.48064231281191,-15.497940574652075
2002-07-20,-2.7374338098419684,5.327559461140122,15.568254289772481,-14.762384844098248
2002-07-21,-3.2656719789743485,5.762059262656917,16.302161353280358,-14.716731636344152
2002-07-22,-2.6984135238630236,5.541561442998468,18.047056874559814,-14.453012221694225
2002-07-23,-1.9597352761150655,6.9494272080941535,19.186293087343472,-14.272562486992518
2002-07-24,-1.5011101361107895,5.322727624396935,20.089243722174444,-12.608311365285765
2002-07-25,-0.9428755417242617,4.833033695240762,18.268811667436545,-14.009337222279713
2002-07-26,1.1642259393993122,2.927186717565002,17.567922404840203,-12.321669329107175
2002-07-27,0.33330601742725163,3.0880743260826318,16.560686901225317,-12.832152045164273
2002-07-28,0.3130995942984169,3.350136102824976,17.15750970408591,-13.23273958986076
2002-07-29,-0.7176556109053569,3.815470672935613,17.535991069268594,-11.658082900882011
2002-07-30,-1.3694198663393236,3.0875547057940373,17.24927326541368,-10.880383969336297
2002-07-31,-1.9211999271659446,2.335128112621753,17.41871873310244,-9.710676342900564
2002-08-01,-1.7844338343294743,3.458583266163374,16.460539273554765,-9.769698117467954
2002-08-02,-1.2415475557755706,2.791024386147479,16.68111300657938,-9.115325442520609
2002-08-03,1.738543160098272,2.3409384152475785,16.86121202109294,-9.273527209760637
2002-08-04,3.3596925716827686,3.2471388141657793,16.172696249159266,-8.894285992390923
2002-08-05,4.629906718208035,2.37153351863304,17.572081825561725,-9.851374878146713
2002-08-06,5.254069469984591,1.4935831317572297,17.89690720761594,-8.974119761231153
2002-08-07,4.231980307483674,1.1157334913353145,16.69991668459488,-9.072279852938044
2002-08-08,2.3157700132245345,1.6143682237333892,17.530528374159495,-9.517189242640994
2002-08-09,0.37720876895540445,2.690517815487305,18.420266106033967,-8.331441267570462
2002-08-10,-1.087961810149431,3.075587276606903,18.676653668194316,-8.838443143350156
2002-08-11,-0.5774876911039533,4.184922684747492,19.359207685029386,-7.245981121239965
2002-08-12,1.4970140338030222,4.519268363983482,19.99577934860709,-7.838532452567886
2002-08-13,0.8782691342285956,4.747305662360257,20.36037320526105,-7.000303608614464
2002-08-14,2.8924721239900233,5.6809341794776,19.668688189728943,-7.744010464089056
2002-08-15,1.1642839737579813,4.101445651774176,19.16008873583171,-7.57760527997348
2002-08-16,1.5157242499539731,4.058916418107522,18.265358629320136,-8.34062352301171
2002-08-17,2.3832721121393803,4.545285516673542,19.74471524735221,-9.015160253895974
2002-08-18,2.7979895965923376,4.39145266880132,17.60788079380521,-9.120130087825826
2002-08-19,1.1990925610311842,5.331308746262824,18.548815695876975,-10.068817782067496
2002-08-20,1.4573672971336298,5.092332922196501,18.05333239753174,-11.768971568401117
2002-08-21,1.2078302381113368,4.010697262431192,19.143380427509673,-10.581042373082477
2002-08-22,1.10262121638017,3.981718490960928,19.4292834609781,-10.654346720870064
2002-08-23,4.28016134037387,5.928727933557862,19.61357616354169,-10.415075957039365
2002-08-24,5.121079588267032,5.280893100414872,18.997284339324523,-8.308928989306855
2002-08-25,6.58907781998964,5.730706701091592,20.297454821133407,-8.63803915009121
2002-08-26,8.585580203375521,6.34666959169363,20.931445636876926,-9.60906101726864
2002-08-27,7.23214755903386,7.36826863122182,19.23944618181984,-9.728686274869444
2002-08-28,7.4136832906674375,6.515336721492954,19.813266737404636,-10.74359311263619
2002-08-29,7.76471780211458,5.344913589936196,20.61040113760086,-9.61200473153179
2002-08-30,8.35113284611566,6.232572511212014,20.762224857376076,-11.919901162321018
2002-08-31,9.51396601271022,6.373990400146422,20.895111594879246,-11.355468596110551
2002-09-01,10.862269558350537,6.868076104673673,22.268095197876196,-11.363991556894055
2002-09-02,9.85240579821421,7.753146378353265,22.286335141854586,-11.330344197859697
2002-09-03,8.79967221334838,5.746239153971983,22.410488464786635,-11.742519408340575
2002-09-04,7.093154352266497,6.730648984439784,22.579219710556742,-12.872750235765366
2002-09-05,7.856966741848288,6.184258360762192,21.378263872398065,-12.56935892736648
2002-09-06,7.904714349910534,5.700099951350414,21.333924941732796,-12.830705600209937
2002-09-07,8.175022901669134,6.464377147397332,20.18202768069374,-13.49406463293875
2002-09-08,8.126494982054965,6.32269506425966,18.78397178514381,-12.639770214087841
2002-09-09,6.611312344220693,6.232407808785839,19.04025767710475,-12.22282790265019
2002-09-10,7.583784843438635,6.4063896800650335,20.392292781879604,-13.488841487533238
2002-09-11,6.385324366018586,6.017426471982539,20.132270573217728,-12.242988216462694
2002-09-12,6.647621488803754,8.35332921435757,19.9562956523524,-13.115935310309451
2002-09-13,4.652323235633712,6.690578307158312,19.132055789235245,-13.724556662307648
2002-09-14,5.12333857850036,4.526950014820729,17.900352426249395,-13.427975469490052
2002-09-15,6.243225017563434,3.9017013764886146,17.945876641767324,-13.927220364938869
2002-09-16,5.640452718599025,2.536213230232553,17.55296373316723,-13.397636140725181
2002-09-17,4.695875376680687,1.0569738718117292,17.352909561070902,-11.945497484011746
2002-09-18,4.246593070906194,2.8804177649556895,16.39816974005222,-11.191924663965773
2002-09-19,3.7415526849383,4.401828337705318,15.766758028848171,-10.999079316306322
2002-09-20,4.053822987137927,4.3917585349845005,14.996975447600745,-11.36514886977501
2002-09-21,4.025731740397402,4.73377122211861,13.29653580450661,-10.403310373556744
2002-09-22,4.002349137714295,5.173632452046327,12.057497191212473,-9.819988514487909
2002-09-23,3.221108385854225,5.672503979924969,11.879770535794306,-10.670823433524458
2002-09-24,3.191381809385033,6.264378764653903,10.93601818077767,-9.277329110669289
2002-09-25,2.591759057938008,6.829246782828602,10.293061957478217,-10.519413167397875
2002-09-26,1.347931579375875,7.050798114539936,11.122933182378436,-10.484793083992061
